{
    "observation.state": {
        "min": [
            -1.0651315450668335,
            0.0,
            -0.023318681865930557,
            -1.7879610061645508,
            -0.3664376139640808,
            -5.6285834312438965,
            0.0,
            0.0,
            0.0,
            0.0,
            0.0,
            0.0,
            0.0,
            1.0
        ],
        "max": [
            0.0,
            2.7272963523864746,
            2.9077224731445312,
            1.7412890195846558,
            0.2710205912590027,
            1.156980037689209,
            1.0,
            0.0,
            0.0,
            0.0,
            0.0,
            0.0,
            0.0,
            1.0
        ],
        "mean": [
            -0.5679676532745361,
            1.7122610807418823,
            1.2604345083236694,
            -0.5729964375495911,
            -0.025662731379270554,
            0.4117768704891205,
            0.43502211570739746,
            0.0,
            0.0,
            0.0,
            0.0,
            0.0,
            0.0,
            1.0
        ],
        "std": [
            0.26009905338287354,
            0.7127202153205872,
            0.8053141236305237,
            0.8467825055122375,
            0.12193738669157028,
            0.7898309826850891,
            0.47967204451560974,
            0.0,
            0.0,
            0.0,
            0.0,
            0.0,
            0.0,
            0.0
        ],
        "count": [
            10548
        ]
    },
    "action": {
        "min": [
            -1.056015133857727,
            -1.6167898178100586,
            -2.788884162902832,
            -1.7843929529190063,
            -0.3412676453590393,
            -4.77918004989624,
            0.0,
            0.0,
            0.0,
            0.0,
            0.0,
            0.0,
            0.0,
            1.0
        ],
        "max": [
            0.7757643461227417,
            2.6930222511291504,
            2.8218374252319336,
            2.9527816772460938,
            0.2710205912590027,
            5.05518102645874,
            1.0,
            0.0,
            0.0,
            0.0,
            0.0,
            0.0,
            0.0,
            1.0
        ],
        "mean": [
            -0.023171722888946533,
            0.11523894965648651,
            -0.01727772317826748,
            0.16346503794193268,
            -0.03681918978691101,
            -0.009111381135880947,
            0.4091891348361969,
            0.0,
            0.0,
            0.0,
            0.0,
            0.0,
            0.0,
            1.0
        ],
        "std": [
            0.24773919582366943,
            0.6750003099441528,
            0.7879530191421509,
            0.7754231691360474,
            0.08080644905567169,
            0.42822781205177307,
            0.4704391360282898,
            0.0,
            0.0,
            0.0,
            0.0,
            0.0,
            0.0,
            0.0
        ],
        "count": [
            404900
        ]
    },
    "timestamp": {
        "min": [
            0.0
        ],
        "max": [
            5.139999866485596
        ],
        "mean": [
            2.1100869178771973
        ],
        "std": [
            1.236667275428772
        ],
        "count": [
            10548
        ]
    },
    "frame_index": {
        "min": [
            0.0
        ],
        "max": [
            257.0
        ],
        "mean": [
            105.5043716430664
        ],
        "std": [
            61.83329391479492
        ],
        "count": [
            10548
        ]
    },
    "episode_index": {
        "min": [
            0.0
        ],
        "max": [
            49.0
        ],
        "mean": [
            24.544464111328125
        ],
        "std": [
            14.362011909484863
        ],
        "count": [
            10548
        ]
    },
    "index": {
        "min": [
            0.0
        ],
        "max": [
            10547.0
        ],
        "mean": [
            5273.5
        ],
        "std": [
            3044.945068359375
        ],
        "count": [
            10548
        ]
    },
    "task_index": {
        "min": [
            0.0
        ],
        "max": [
            19.0
        ],
        "mean": [
            6.963217258453369
        ],
        "std": [
            5.282012462615967
        ],
        "count": [
            10548
        ]
    },
    "observation.images.cam_high": {
        "min": [
            [
                [
                    0.0
                ]
            ],
            [
                [
                    0.0
                ]
            ],
            [
                [
                    0.0
                ]
            ]
        ],
        "max": [
            [
                [
                    1.0
                ]
            ],
            [
                [
                    1.0
                ]
            ],
            [
                [
                    1.0
                ]
            ]
        ],
        "mean": [
            [
                [
                    0.8456704262254904
                ]
            ],
            [
                [
                    0.8317900209150328
                ]
            ],
            [
                [
                    0.83101285
                ]
            ]
        ],
        "std": [
            [
                [
                    0.01248987920608907
                ]
            ],
            [
                [
                    0.012624330662512484
                ]
            ],
            [
                [
                    0.011337291660746797
                ]
            ]
        ],
        "count": [
            5000
        ],
        "q01": [
            [
                [
                    0.1084012830247413
                ]
            ],
            [
                [
                    0.10729574285835337
                ]
            ],
            [
                [
                    0.1072279818411592
                ]
            ]
        ],
        "q10": [
            [
                [
                    0.2712353276047712
                ]
            ],
            [
                [
                    0.27199413517041515
                ]
            ],
            [
                [
                    0.2509796802515905
                ]
            ]
        ],
        "q50": [
            [
                [
                    0.9546655178168397
                ]
            ],
            [
                [
                    0.9374125611029669
                ]
            ],
            [
                [
                    0.9397725545301703
                ]
            ]
        ],
        "q90": [
            [
                [
                    0.9999028593888326
                ]
            ],
            [
                [
                    0.9938146118522573
                ]
            ],
            [
                [
                    0.9935873776295113
                ]
            ]
        ],
        "q99": [
            [
                [
                    0.9999902859392363
                ]
            ],
            [
                [
                    0.9999481062497975
                ]
            ],
            [
                [
                    0.9999477794522158
                ]
            ]
        ]
    },
    "observation.images.cam_left_wrist": {
        "min": [
            [
                [
                    0.0
                ]
            ],
            [
                [
                    0.0
                ]
            ],
            [
                [
                    0.0
                ]
            ]
        ],